{
  "method": "depth_pruning",
  "scoring_metric": "magnitude",
  "layers_before": 16,
  "layers_after": 12,
  "layers_removed": [
    1,
    2,
    5,
    6
  ],
  "num_layers_removed": 4,
  "score_time_sec": 0.12,
  "prune_time_sec": 0.0,
  "save_time_sec": 22.41,
  "checkpoint_size_mb": 1909.52,
  "peak_memory_mb": 1905.67,
  "layer_scores": [
    [
      0,
      44.48444535997179
    ],
    [
      1,
      43.331377771165634
    ],
    [
      2,
      43.60068310631646
    ],
    [
      3,
      44.18666564093696
    ],
    [
      4,
      44.18147108289931
    ],
    [
      5,
      43.30303054385715
    ],
    [
      6,
      43.03215736813016
    ],
    [
      7,
      43.73669624328613
    ],
    [
      8,
      43.62509950002035
    ],
    [
      9,
      45.62234952714708
    ],
    [
      10,
      45.029134326510956
    ],
    [
      11,
      46.20100551181369
    ],
    [
      12,
      46.57174523671468
    ],
    [
      13,
      47.220992194281685
    ],
    [
      14,
      48.32605192396376
    ],
    [
      15,
      49.19395065307617
    ]
  ]
}